{
    "name": "root",
    "gauges": {
        "MarsTaxi.Policy.Entropy.mean": {
            "value": 1.489331841468811,
            "min": 1.489331841468811,
            "max": 1.7915279865264893,
            "count": 22
        },
        "MarsTaxi.Policy.Entropy.sum": {
            "value": 74432.3359375,
            "min": 74432.3359375,
            "max": 90013.609375,
            "count": 22
        },
        "MarsTaxi.Step.mean": {
            "value": 1099976.0,
            "min": 49990.0,
            "max": 1099976.0,
            "count": 22
        },
        "MarsTaxi.Step.sum": {
            "value": 1099976.0,
            "min": 49990.0,
            "max": 1099976.0,
            "count": 22
        },
        "MarsTaxi.Policy.ExtrinsicValueEstimate.mean": {
            "value": -0.49390196800231934,
            "min": -0.49439558386802673,
            "max": 0.03352491185069084,
            "count": 22
        },
        "MarsTaxi.Policy.ExtrinsicValueEstimate.sum": {
            "value": -395.615478515625,
            "min": -396.0108642578125,
            "max": 30.340045928955078,
            "count": 22
        },
        "MarsTaxi.Environment.EpisodeLength.mean": {
            "value": 999.0,
            "min": 192.54511278195488,
            "max": 999.0,
            "count": 22
        },
        "MarsTaxi.Environment.EpisodeLength.sum": {
            "value": 50949.0,
            "min": 47667.0,
            "max": 52947.0,
            "count": 22
        },
        "MarsTaxi.Environment.CumulativeReward.mean": {
            "value": -49.21264906724294,
            "min": -49.64166508118311,
            "max": -10.639331425620375,
            "count": 22
        },
        "MarsTaxi.Environment.CumulativeReward.sum": {
            "value": -2509.84510242939,
            "min": -2840.7014906406403,
            "max": -2365.030280351639,
            "count": 22
        },
        "MarsTaxi.Policy.ExtrinsicReward.mean": {
            "value": -49.21264906724294,
            "min": -49.64166508118311,
            "max": -10.639331425620375,
            "count": 22
        },
        "MarsTaxi.Policy.ExtrinsicReward.sum": {
            "value": -2509.84510242939,
            "min": -2840.7014906406403,
            "max": -2365.030280351639,
            "count": 22
        },
        "MarsTaxi.IsTraining.mean": {
            "value": 1.0,
            "min": 1.0,
            "max": 1.0,
            "count": 22
        },
        "MarsTaxi.IsTraining.sum": {
            "value": 1.0,
            "min": 1.0,
            "max": 1.0,
            "count": 22
        },
        "MarsTaxi.Losses.PolicyLoss.mean": {
            "value": 0.01703765642822772,
            "min": 0.013794065889669582,
            "max": 0.020451179838144325,
            "count": 21
        },
        "MarsTaxi.Losses.PolicyLoss.sum": {
            "value": 0.01703765642822772,
            "min": 0.013794065889669582,
            "max": 0.020451179838144325,
            "count": 21
        },
        "MarsTaxi.Losses.ValueLoss.mean": {
            "value": 3.60256904564772e-05,
            "min": 3.60256904564772e-05,
            "max": 0.06188724153778619,
            "count": 21
        },
        "MarsTaxi.Losses.ValueLoss.sum": {
            "value": 3.60256904564772e-05,
            "min": 3.60256904564772e-05,
            "max": 0.06188724153778619,
            "count": 21
        },
        "MarsTaxi.Policy.LearningRate.mean": {
            "value": 2.6846746510879995e-05,
            "min": 2.6846746510879995e-05,
            "max": 2.9849928500240003e-05,
            "count": 21
        },
        "MarsTaxi.Policy.LearningRate.sum": {
            "value": 2.6846746510879995e-05,
            "min": 2.6846746510879995e-05,
            "max": 2.9849928500240003e-05,
            "count": 21
        },
        "MarsTaxi.Policy.Epsilon.mean": {
            "value": 0.18948911999999998,
            "min": 0.18948911999999998,
            "max": 0.19949976000000003,
            "count": 21
        },
        "MarsTaxi.Policy.Epsilon.sum": {
            "value": 0.18948911999999998,
            "min": 0.18948911999999998,
            "max": 0.19949976000000003,
            "count": 21
        },
        "MarsTaxi.Policy.Beta.mean": {
            "value": 0.004475507088,
            "min": 0.004475507088,
            "max": 0.004975038024,
            "count": 21
        },
        "MarsTaxi.Policy.Beta.sum": {
            "value": 0.004475507088,
            "min": 0.004475507088,
            "max": 0.004975038024,
            "count": 21
        }
    },
    "metadata": {
        "timer_format_version": "0.1.0",
        "start_time_seconds": "1731111264",
        "python_version": "3.7.16 (default, Jan 17 2023, 16:06:28) [MSC v.1916 64 bit (AMD64)]",
        "command_line_arguments": "C:\\Users\\thold\\.conda\\envs\\unity\\Scripts\\mlagents-learn configV5.yaml --run-id=learn_v5_teszt2",
        "mlagents_version": "0.28.0",
        "mlagents_envs_version": "0.28.0",
        "communication_protocol_version": "1.5.0",
        "pytorch_version": "1.7.1+cu110",
        "numpy_version": "1.21.6",
        "end_time_seconds": "1731112807"
    },
    "total": 1543.4918791,
    "count": 1,
    "self": 0.007559399999991001,
    "children": {
        "run_training.setup": {
            "total": 0.10959260000000004,
            "count": 1,
            "self": 0.10959260000000004
        },
        "TrainerController.start_learning": {
            "total": 1543.3747271,
            "count": 1,
            "self": 3.711499100011679,
            "children": {
                "TrainerController._reset_env": {
                    "total": 8.2392079,
                    "count": 1,
                    "self": 8.2392079
                },
                "TrainerController.advance": {
                    "total": 1531.3438299999884,
                    "count": 123923,
                    "self": 1.8169736999720953,
                    "children": {
                        "env_step": {
                            "total": 1529.5268563000163,
                            "count": 123923,
                            "self": 1264.8987158999857,
                            "children": {
                                "SubprocessEnvManager._take_step": {
                                    "total": 262.56189520000265,
                                    "count": 123923,
                                    "self": 8.525355700014018,
                                    "children": {
                                        "TorchPolicy.evaluate": {
                                            "total": 254.03653949998863,
                                            "count": 122299,
                                            "self": 49.15146689999233,
                                            "children": {
                                                "TorchPolicy.sample_actions": {
                                                    "total": 204.8850725999963,
                                                    "count": 122299,
                                                    "self": 204.8850725999963
                                                }
                                            }
                                        }
                                    }
                                },
                                "workers": {
                                    "total": 2.06624520002787,
                                    "count": 123922,
                                    "self": 0.0,
                                    "children": {
                                        "worker_root": {
                                            "total": 1529.9829347999832,
                                            "count": 123922,
                                            "is_parallel": true,
                                            "self": 719.9739342999757,