{"count":1,"self":1337.7957887999999,"total":4843.4008753,"children":{"InitializeActuators":{"count":9,"self":0.0010018,"total":0.0010018,"children":null},"InitializeSensors":{"count":9,"self":0.0009952,"total":0.0009952,"children":null},"AgentSendState":{"count":1941351,"self":15.465936,"total":53.5301015,"children":{"CollectObservations":{"count":3494439,"self":5.9275908,"total":5.9275907,"children":null},"WriteActionMask":{"count":3494439,"self":2.1174915999999997,"total":2.1174915999999997,"children":null},"RequestDecision":{"count":3494439,"self":8.4631248,"total":30.0190833,"children":{"AgentInfo.ToProto":{"count":3494439,"self":8.428784,"total":21.5559582,"children":{"GenerateSensorData":{"count":3494439,"self":13.1271744,"total":13.127174499999999,"children":null}}}}}}},"DecideAction":{"count":1941351,"self":3400.4740096,"total":3400.4739534,"children":null},"AgentAct":{"count":1941351,"self":50.7000448,"total":50.7171291,"children":{"AgentInfo.ToProto":{"count":905,"self":0.007566,"total":0.017085799999999998,"children":{"GenerateSensorData":{"count":905,"self":0.0095198,"total":0.0095198,"children":null}}}}},"AgentInfo.ToProto":{"count":41175,"self":0.39698849999999997,"total":0.8803958,"children":{"GenerateSensorData":{"count":41175,"self":0.4834073,"total":0.4834073,"children":null}}}},"gauges":{"MarsTaxi.CumulativeReward":{"count":42080,"max":0.562339664,"min":-52.5342979,"runningAverage":-1.48568714,"value":-0.2980821,"weightedAverage":-0.332046151}},"metadata":{"timer_format_version":"0.1.0","start_time_seconds":"1731148997","unity_version":"2022.3.52f1","command_line_arguments":"C:\\Program Files\\Unity\\Hub\\Editor\\2022.3.52f1\\Editor\\Unity.exe -projectpath C:\\Users\\thold\\Projektek\\Unity\\RL\\MarsTaxiRL -useHub -hubIPC -cloudEnvironment production -licensingIpc LicenseClient-thold -hubSessionId 6834e03e-5e92-4ac2-b580-068bb3f81674 -accessToken 679nYPhl9jHLIh09WzGSMA6axYvReRzboA78ty537RY007f","communication_protocol_version":"1.5.0","com.unity.ml-agents_version":"2.0.1","scene_name":"Training","end_time_seconds":"1731153840"}}